求人№,社名,主事業,副事業,本社,年間売り上げ,"月間給与（例200,000日円=9,300人民元）",年間休日,平均有給取得日,追加情報
2024071701,(株)丸和運輸機関,物流・倉庫,陸運（貨物・バス・タクシー）、専門店（食品・日用品）、通販・ネット販売、情報処理,埼玉県,"【グループ連結】 1,985億円5,400万円　(2024年3月期)","207,000円～230,000円",120日,8.5日（2023年）,平均勤続年数:8.0年（2023年）
2024071702,(株)オープンアップコンストラクション,建設,インテリア・住宅関連、建築設計、ビル施設管理・メンテナンス、住宅,東京都,52億円(2023年3月末実績),"210,000円～240,000円",118日,10日（2023年）,月平均残業時間:16.5時間:
2024071705,日本システム技術(株)【東証プライム市場上場】,ソフトウエア,情報処理、インターネット関連、専門コンサルティング、サービス（その他）,東京都、大阪府,"261億8,300万円（連結、2024年3月期）","238,203円～273,583円",127日,11.6日（2023年）,平均勤続年数:9.6年（2023年）
2024071706,CLINKS(株),情報処理,通信・インフラ、ソフトウエア、ゲームソフト,東京都,53億円（2022年度実績）,"210,000円～230,000円",120日,確認中,平均勤続年数:3.9年（2022年）
2024071707,(株)飯田産業【飯田グループホールディングス】,住宅,建築設計、ホテル・旅館、不動産、商社（インテリア・住宅関連）,東京都,"2,580億円（2023年3月期 連結）","180,000円～300,000円",115日,確認中,月平均残業時間:15.6時間:
2024071708,(株)ワールドインテック【ファクトリー事業部 専門学校・短大・高専生コース】,その他メーカー,自動車・自動車部品、各種ビジネスサービス・BPO、ソフトウエア,東京都、福岡県,"1,547億400万円（2021年12月期連結）","169,600円～224,000円",120日,21.6日（2022年）,月平均残業時間:16.5時間:
2024071709,ITXコミュニケーションズ(株),商社（通信）,商社（電子・電気機器・OA機器）、専門店（家電・OA機器）、専門店（その他小売）、専門コンサルティング,神奈川県,537億2600万円（2023年度）,"220,000円～250,000円",110日,9.7日（2023年）,平均勤続年数:4.4年（2023年）
2024071710,(株)ワールドインテック【ファクトリー事業部 マネジメント職コース】,半導体・電子・電気機器,機械、輸送用機器（船舶・航空・宇宙関連など）、家電・ＡＶ機器、各種ビジネスサービス・BPO,東京都、福岡県,"1,547億400万円（2021年12月期連結）","169,600円～217,600円",120日,21.6日（2022年）,月平均残業時間:16.5時間:
2024071711,NCD(株)【東証スタンダード市場上場】(旧社名：日本コンピュータ・ダイナミクス(株)),ソフトウエア,情報処理、インターネット関連,東京都,"連結254億8,100万円（2024年3月）","202,000円～247,000円",14.6日（2022年）,確認中,平均勤続年数:11.6年（2023年）
2024071712,(株)クレオ【東証スタンダード市場上場】,ソフトウエア,情報処理、受託開発、専門コンサルティング、インターネット関連,東京都,"78億2,500万円（2024年3月期）","207,000円～228,000円",123日,11.8日（2023年）,平均勤続年数:14.2年（2023年）
2024071713,(株)片桐建設【アイフルホーム】,住宅,住宅（リフォーム）、建設、農林・水産、食品,長野県,21億円（2023年3月）,"170,000円～240,000円",108日～112日,5.3日（2020年）,平均勤続年数:6年（2020年）
2024071714,(株)アーネストワン（飯田グループホールディングス）,住宅,建築設計、不動産、建設、インテリア・住宅関連,東京都,"2,916億8,600万円(2024年3月期）","240,000円～250,000円",126日,9.9日（2022年）,平均勤続年数:6.3年（2022年）
2024071715,ヤマトプロテック(株),設備工事,化学、機械、環境・リサイクル、検査・整備・メンテナンス,東京都,301億円（2023年12月実績）,"185,000円～214,000円",127日,6.9日（2021年）,平均勤続年数:11.6年（2021年）
2024071716,(株)ワールドインテック【ファクトリー事業部 既卒者コース】,その他メーカー,総合電機、自動車・自動車部品、各種ビジネスサービス・BPO、ソフトウエア,東京都、福岡県,"1,547億400万円（2021年12月期連結）","169,600円～233,600円",120日,21.6日（2022年）,月平均残業時間:16.5時間:
2024071717,ワタミ(株),食品,給食・デリカ・フードビジネス、外食・レストラン、農林・水産、電力,東京都,外食事業　252億8500万円 (2023年3月実績)宅食事業   437億6200万円 (2023年3月実績）,"202,000円～222,000円",確認中,8.7日（2023年）,平均勤続年数:10.6年（2023年）
2024071718,(株)ワールドインテック【ファクトリー事業部 プロフェッショナル職コース】,専門コンサルティング,精密機器、その他電子・電気関連、プラント・エンジニアリング、食品,東京都、福岡県,"1,547億400万円（2021年12月期連結）","169,600円～217,600円",120日,21.6日（2022年）,月平均残業時間:16.5時間:
2024071720,(株)テクノプロ　テクノプロ・IT社,ソフトウエア,情報処理、インターネット関連、受託開発,東京都,395億円（2023年6月期）,"205,000円～287,920円",122日,確認中,月平均残業時間:12.8時間:
2024071721,(株)ワールドインテック【ファクトリー事業部 スペシャリスト（技術）職コース】,受託開発,総合電機、自動車・自動車部品、機械設計、医療用機器・医療関連,東京都、福岡県,"1,547億400万円（2021年12月期連結）","187,500円～233,600円",120日,21.6日（2022年）,月平均残業時間:16.5時間:
2024071722,(株)朝日工業社【東証プライム上場】,設備工事,建設、精密機器、機械設計、半導体・電子・電気機器,東京都,"単体：898億900万円 連結：916億7,600万円 （2024年3月期）","266,000円～288,000円",123日,12.1日（2023年）,平均勤続年数:19.7年（2023年）
2024071723,三菱電機グループ,総合電機,家電・ＡＶ機器、半導体・電子・電気機器、輸送用機器（船舶・航空・宇宙関連など）、ソフトウエア,東京都,5兆36億円／連結（2023年3月現在）,"200,000円～277,000円",確認中,18.2日（2022年）,月平均残業時間:25.1時間:
2024071724,西濃運輸(株)【セイノーグループ】,陸運（貨物・バス・タクシー）,物流・倉庫,東京都、岐阜県,"2,673億6,600万円（2023年3月）","205,350円～207,350円",110日,7.9日（2021年）,平均勤続年数:17.0年（2022年）
2024071725,武蔵野グループ,食品,物流・倉庫、商社（食品・農林・水産）、ホテル・旅館,埼玉県,"武蔵野：1,672億8,647万円　フーズ：353億1,765万円　ロジ：163億4,454万円","200,000円～266,800円",105日～117日,確認中,確認中確認中
2024071726,(株)ティーケーピー,不動産（管理）,不動産、イベント・興行、ホテル・旅館、商社（複合）,東京都,公開,"205,000円～230,000円",112日,14.8日（2021年）,月平均残業時間:2.7時間:
2024071727,つばめグループ,陸運（貨物・バス・タクシー）,サービス（その他）、人材派遣・人材紹介、インターネット関連、旅行・観光,愛知県,グループ計／205億1900万円（2023年12月期実績）,"205,000円～265,000円",120日,9.0日（2022年）,確認中確認中
2024071728,(株)上越観光開発【ホテルグリーンプラザ上越・上越国際スキー場】,ホテル・旅館,レジャーサービス、旅行・観光、サービス（その他）,新潟県,"37億1,402万円（2023年11月実績）","175,000円～185,000円",120日,13.2日（2022年）,平均勤続年数:11.4年（2022年）
2024071729,旭コンクリート工業(株)【東証スタンダード上場】,セメント,建材・エクステリア、建設、その他メーカー,東京都,70億 7100万円（2024年3月期）,"210,000円～240,000円",125日,11.5日（2023年）,平均勤続年数:17.3年（2023年）
2024071730,(株)三井E＆S【東証プライム市場上場】【旧：三井造船グループ】,機械,輸送用機器（船舶・航空・宇宙関連など）、重電・産業用電気機器、プラント・エンジニアリング、建設,東京都,"連結　2,623億円　（2022年度）","216,200円～275,700円",125日,16.9日（2021年）,平均勤続年数:14.2年（2021年）
2024071731,(株)リフィナス,フィットネスクラブ,サービス（その他）、専門コンサルティング、レジャーサービス、商社（スポーツ・レジャー用品）,大阪府,4億円,"215,000円",110日,確認中,平均勤続年数:4年（2023年）
2024071732,山陽環境開発(株),環境・リサイクル,ビル施設管理・メンテナンス,岡山県,"3億5,000万円/　グループ計　6億5,000万円(2022年/9月実績)","189,000円～194,000円",105日,12.6日（2023年）,平均勤続年数:10年（2023年）
2024071733,(株)日本製鋼所【東証プライム上場】,機械,鉄鋼、自動車・自動車部品、精密機器、半導体・電子・電気機器,東京都,"2,387億円2,100万円（連結：2023年3月現在） 1,572億円7,200万円（単体：2023年3月現在）","205,000円～277,900円",116日～123日,13.9日（2022年）,平均勤続年数:12.5年（2022年）
2024071734,日穀製粉(株),食品,商社（食品・農林・水産）、外食・レストラン,長野県,"110億9,800万円（2023年3月）","180,000円～220,000円",120日,確認中,平均勤続年数:16年（2024年）
2024071735,昭和鋼機(株),プラント・エンジニアリング,設備工事、機械、機械設計、商社（機械・プラント・環境）,愛知県,32億円（2024年4月）,"205,000円～220,000円",116日,10.6日（2023年）,平均勤続年数:13年（2023年）
2024071737,(株)日立産機システム,重電・産業用電気機器,機械、その他電子・電気関連、精密機器、機械設計,東京都,"連結：2,727億円（2022.3）","210,000円～275,000円",126日,17.2日（2022年）,平均勤続年数:18.9年（2022年）
2024071738,ベストコミュニケーションズ(株),広告,インターネット関連、通信・インフラ、商社（通信）、専門コンサルティング,東京都、大阪府,265億円（2022年度実績）,"250,000円",110日,確認中,確認中確認中
2024071739,サマンサタバサグループ,アパレル（メーカー）,専門店（アパレル・ファッション関連）、商社（アパレル・ファッション関連）,東京都,252億円（2023年2月、連結）,"198,000円～235,000円",110日～120日,確認中,月平均残業時間:5時間:
2024071740,F-LINE(株),物流・倉庫,陸運（貨物・バス・タクシー）、情報処理、海運,東京都,823億円（2023年3月期）,"185,900円～231,200円",110日,15.1日（2023年）,平均勤続年数:14.0年（2023年）
2024071741,協栄工業(株),設備工事,建築設計、建設、住宅、空間デザイン・ディスプレイ,大分県,20億円（2023年9月期 実績）【県内シェアNo.1】,"185,000円～215,000円",100日,16.6日（2022年）,平均勤続年数:11.3年（2022年）
2024071742,(株)土谷特殊農機具製作所,機械,機械設計,北海道,67億円（2022年度実績）,"210,700円",10日（2023年）,確認中,平均勤続年数:20年（2023年）
2024071743,メディアミックス(株),情報処理,ソフトウエア、インターネット関連,静岡県,"21,800万円（2023年7月期）","204,000円～235,000円",122日,9.4日（2022年）,月平均残業時間:10.9時間:
2024071744,(株)フジタ,建設,建築設計、住宅、不動産、設備工事,東京都,"5,808億円(2023年3月期)","250,000円～290,000円",13.5日（2021年）,確認中,平均勤続年数:14.9年（2021年）
2024071745,(株)グッドスピード,商社（自動車関連・輸送用機器）,専門店（自動車関連）、損害保険、自動車・自動車部品、スポーツ・レジャー用品（メーカー）,愛知県,644億円（2023年9月実績）,"175,000円～235,000円",115日～120日,6.7日（2022年）,平均勤続年数:3.3年（2022年）
2024071746,(株)グローバルセンター,不動産,不動産（管理）、住宅（リフォーム）,香川県,"15億9,800万円（2023年12月期） （2023年12月期：関連会社含むと27億5,700万円）","212,100円～237,000円",120日,11日（2023年）,平均勤続年数:7.7年（2023年）
2024071747,(株)ハウスクル,不動産,不動産（管理）、住宅、インテリア・住宅関連、住宅（リフォーム）,東京都,"5,697百万円（2023年9月度）","230,000円～250,000円",142日,確認中,平均勤続年数:3年（2023年）
2024071748,(株)ハステック,インターネット関連,人材派遣・人材紹介、教育、空間デザイン・ディスプレイ、環境・リサイクル,東京都,非公開,"220,000円",124日,確認中,女性管理職割合20.0％（2023年）
2024071749,(株)ライトコア,広告制作・Web制作,インターネット関連、通信・インフラ、商社（通信）、専門コンサルティング,東京都、大阪府,265億円（2022年度実績）,"250,000円",110日,確認中,確認中確認中
2024071750,(株)エイブル,不動産,不動産（管理）、専門コンサルティング、住宅（リフォーム）、インテリア・住宅関連,東京都,"466億6,600万円（2022年10月期）","245,520円～270,630円",110日,9日（2023年）,確認中確認中
2024071752,デンヨー(株)【東証プライム上場】,重電・産業用電気機器,機械、自動車・自動車部品,東京都,"442億900万円（単体） 731億4,000万円（連結） 2024年3月期実績","229,000円～256,500円",125日,13.0日（2023年）,平均勤続年数:12.7年（2023年）
2024071753,キャル(株),ソフトウエア,情報処理、インターネット関連、通信・インフラ、ニュース・データ通信,東京都、大阪府,119億7千万円（2023年8月時点）,"235,000円～250,000円",125日,11.9日（2022年）,月平均残業時間:12.3時間:
2024071754,(株)船井総合研究所,専門コンサルティング,コンサルティングファーム、シンクタンク・マーケティング・調査、サービス（その他）,東京都、大阪府,"256 億 3,500 万円（連結・2022年12月末実績）","238,000円～270,000円",121日～125日,確認中,女性管理職割合6.3％（2022年）
2024071755,(株)Dirbato,コンサルティングファーム,情報処理、ソフトウエア、専門コンサルティング,東京都,282億円（2024年3月時点）,"321,000円～375,000円",125日,確認中,平均勤続年数:4.0年（2023年）
2024071756,(株)ピアライフ,不動産,住宅（リフォーム）、商社（インテリア・住宅関連）、損害保険,滋賀県,"4億8,000万円（2023年3月）","209,000円～232,000円",110日,確認中,月平均残業時間:15時間:
2024071757,トォータルフーズ(株),商社（食品・農林・水産）,食品、農林・水産,北海道,50億円（2023年度）,"175,000円～205,000円",確認中,8.7日（2022年）,平均勤続年数:13.2年（2022年）
2024071758,(株)ミロク,その他メーカー,機械設計、商社（文具・事務用品・日用品）、日用品・生活関連機器、ホームセンター,静岡県,"8億5,000万円（2022年度（2023年2月決算））","193,000円～205,700円",120日,10.8日（2023年）,平均勤続年数:16年（2022年）
2024071759,栄光テクノ(株),建設,設備工事、プラント・エンジニアリング、商社（建材）、検査・整備・メンテナンス,岡山県,21億円 (2022年8月実績),"180,000円～235,000円",122日,9.3日（2022年）,平均勤続年数:9.1年（2022年）
2024071760,ニデックモビリティ(株),自動車・自動車部品,半導体・電子・電気機器、精密機器,愛知県,"1,359億円（2023年度）","227,000円～306,500円",129日,16日（2023年）,平均勤続年数:17年（2023年）
2024071762,(有)佐世保電子サービス＜auショップ＞,商社（通信）,専門店（その他小売）,長崎県,"7億6,500万円（2023年12月）","170,000円～180,000円",105日,14日（2023年）,平均勤続年数:6.5年（2023年）
2024071764,(株)TJKリゾート,ホテル・旅館,外食・レストラン、イベント・興行,東京都,17億40万円(2022年3月),"205,800円～217,000円",107日,9.1日（2022年）,平均勤続年数:6.1年（2022年）
2024071765,パスコン(株),半導体・電子・電気機器,ソフトウエア、機械、機械設計,静岡県,24億円【2023年6月実績】,"180,000円～200,000円",121日,14.3日（2023年）,平均勤続年数:8.1年（2023年）
2024071766,深川水産(株),農林・水産,商社（食品・農林・水産）、通販・ネット販売、食品,熊本県,非公開,"175,000円～180,000円",108日,確認中,月平均残業時間:10時間:
2024071767,ＳＡＴＯＨ　ＧＲＯＵＰ,機械,金属製品、輸送用機器（船舶・航空・宇宙関連など）,愛知県,34億円（2020年8月実績）,"222,200円～230,200円",115日,10.6日（2019年）,月平均残業時間:10.9時間:
2024071768,(株)ウィローズ,不動産,不動産（管理）、専門コンサルティング、住宅（リフォーム）、インテリア・住宅関連,東京都,"29億4,756万円（2023年6月期） グループ取扱高　95億円","260,000円～280,000円",120日,10日（2023年）,月平均残業時間:30時間:
2024071769,(株)リスコンス,不動産,損害保険、不動産（管理）、専門コンサルティング、住宅,東京都,36億円（2023年7月実績),"250,000円",120日,確認中,月平均残業時間:20時間:
2024071770,(株)エコー,化学,精密機器、インテリア・住宅関連、家電・ＡＶ機器、自動車・自動車部品,神奈川県,52億円,"195,000円～255,000円",120日,確認中,平均勤続年数:15.5年（2023年）
2024071771,(有)アウトソー【じゃすみんの家】,福祉サービス,サービス（その他）,東京都,"2023年3月　5億9,499万円 2022年3月　5億3,678万円","235,000円～270,000円",112日,15日（2023年）,月平均残業時間:5時間:
2024071772,東海興業(株),自動車・自動車部品,建材・エクステリア、タイヤ・ゴム製品,愛知県,429.7億円（2024年3月）,"195,000円～245,500円",121日,16.8日（2023年）,平均勤続年数:15.9年（2023年）
2024071773,中央発條(株),金属製品,自動車・自動車部品,愛知県,"単独　527億3,300万円／連結　927億6,600万円（2023年3月期）","226,000円～276,000円",121日,17日（2023年）,平均勤続年数:21年（2022年）
2024071774,高砂工業(株),プラント・エンジニアリング,ガラス・セラミックス、機械設計、機械、設備工事,岐阜県,40億円（2023年６月期）,"192,000円～222,400円",123日,9.3日（2023年）,平均勤続年数:20.3年（2023年）
2024071775,(株)MAHOFILM,放送,芸能・映画・音楽、広告、芸術関連、イベント・興行,東京都,8億円（2023年3月 実績）,"189,000円～210,000円",115日,確認中,女性管理職割合50.0％（2023年）
2024071776,日本プラスト(株)【東証スタンダード市場上場】,自動車・自動車部品,機械、機械設計,静岡県,1033億円（2023年3月期）,"182,500円～217,700円",121日,確認中,平均勤続年数:15.8年（2023年）
2024071777,日本BCP(株),物流・倉庫,商社（化学・石油・ガス・電気）、陸運（貨物・バス・タクシー）、人材派遣・人材紹介、半導体・電子・電気機器,東京都、大阪府,約16億円,"190,000円～210,000円",120日,8日（2022年）,月平均残業時間:20時間:
2024071779,(株)アクセスオンライン,商社（通信）,ニュース・データ通信、各種ビジネスサービス・BPO、商社（化学・石油・ガス・電気）、通信・インフラ,東京都、大阪府,265億円（2022年度実績）,"250,000円",110日,確認中,確認中確認中
2024071780,ハウスリンクマネジメント(株),不動産,不動産（管理）、商社（インテリア・住宅関連）、住宅、建設,東京都,40億円,"257,422円",130日,確認中,月平均残業時間:10時間:
2024071781,(株)TREND　LINE,商社（インテリア・住宅関連）,住宅（リフォーム）、専門店（家電・OA機器）、広告、不動産,東京都、愛知県,2023年度　3億円 2024年度　7億円,"240,000円",125日,確認中,平均勤続年数:4年（2023年）
2024071782,平和交通(株),陸運（貨物・バス・タクシー）,旅行・観光、レジャーサービス,東京都、神奈川県,65億円(2020年度3月),"172,281円～210,000円",109日,8日（2021年）,平均勤続年数:14年（2021年）
2024071783,(株)レガーレ,不動産,不動産（管理）、専門コンサルティング,東京都,1.5億円,"230,000円",125日,5日（2022年）,月平均残業時間:20時間:
2024071784,(株)キャリア・ブランディング,専門コンサルティング,広告、インターネット関連、商社（通信）、情報処理,東京都、大阪府,265億円（2022年度実績）,"250,000円",110日,確認中,確認中確認中
2024071785,(株)KARADEMO,芸能・映画・音楽,アミューズメント、外食・レストラン、福祉サービス、ゲーム・玩具・アミューズメント製品,東京都,社内規定により非公開,"220,000円～300,000円",120日,15日（2023年）,月平均残業時間:20時間:
2024071786,(株)ニイテック,自動車・自動車部品,金属製品,広島県,138億円【2023年3月実績】,"180,300円～202,791円",121日,10日（2022年）,平均勤続年数:11.3年（2023年）
2024071787,赤田工業(株),機械,金属製品、非鉄金属、半導体・電子・電気機器、精密機器,長野県,"7億4,000万円（2023年５月）","170,000円～208,000円",111日,7日（2023年）,平均勤続年数:9.8年（2023年）
2024071788,田中サッシュ工業(株),インテリア・住宅関連,金属製品、建築設計、検査・整備・メンテナンス、住宅,神奈川県,24億7400万円 2023年9月決算,"181,460円～209,760円",118日,11.1日（2022年）,平均勤続年数:16.5年（2022年）
2024071789,とまと情報(株),ソフトウエア,情報処理、専門コンサルティング、インターネット関連,東京都,"113,000,000円(令和4年度実績)","220,000円～225,000円",130日,10日（2023年）,月平均残業時間:10時間:
2024071790,(株)松本商店,金属製品,建材・エクステリア、商社（鉄鋼・金属）、商社（機械・プラント・環境）,福岡県,"30億5,500万円（2023年7月実績）","216,900円～226,900円",115日,20日（2022年）,平均勤続年数:9年（2022年）
2024071791,(株)HSフィールド,不動産,専門コンサルティング、不動産（管理）、ビル施設管理・メンテナンス、その他金融,埼玉県,4億円※2023年12月期決算,"270,000円",125日,8日（2023年）,平均勤続年数:3年（2023年）
2024071792,パラカ(株),不動産（管理）,不動産、空間デザイン・ディスプレイ、コンサルティングファーム、シンクタンク・マーケティング・調査,東京都,公開,"275,000円",120日,12.1日（2023年）,平均勤続年数:7年（2023年）
2024071793,日本タングステン(株),非鉄金属,ガラス・セラミックス、機械,福岡県,公開,"200,000円～235,000円",128日,14.2日（2022年）,平均勤続年数:16.3年（2022年）
2024071794,(株)モトヤマ,機械,商社（電子・電気機器・OA機器）、商社（建材）、商社（鉄鋼・金属）、化学,大阪府,60億9000万円（2023年5月）,"230,000円～255,000円",123日,8.8日（2022年）,平均勤続年数:15年（2022年）
2024071795,鴻池運輸(株),物流・倉庫,陸運（貨物・バス・タクシー）、サービス（その他）,東京都、大阪府,"3,150億2,900万円（2024年3月期/連結）","193,000円～226,000円",125日,9.5日（2023年）,平均勤続年数:16.0年（2022年）
2024071796,(株)近鉄コスモス,物流・倉庫,陸運（貨物・バス・タクシー）、鉄道、空輸、海運,東京都,111億円（2023年度実績）,"201,500円～205,000円",121日,15日（2023年）,平均勤続年数:15年（2023年）
2024071797,(株)エスケーアイ【サカイホールディングスグループ】,商社（通信）,専門店（その他小売）、通信・インフラ,愛知県,"10,095百万円（2023年9月）","196,000円～250,000円",111日,11日（2023年）,月平均残業時間:9.8時間:
2024071798,シリコンテクノロジー(株),商社（電子・電気機器・OA機器）,半導体・電子・電気機器、家電・ＡＶ機器、ゲーム・玩具・アミューズメント製品、受託開発,東京都,59億（2024年3月末）,"251,000円～280,000円",128日,10.5日（2023年）,平均勤続年数:11.6年（2023年）
2024071799,開発運輸建設(株),建設,陸運（貨物・バス・タクシー）、建材・エクステリア、環境・リサイクル、専門コンサルティング,北海道,"7億7,500万円（2022年2月度実績）","209,500円～229,500円",105日,7.5日（2023年）,確認中確認中
2024071800,空港ターミナルサービス(株),空港サービス,サービス（その他）,千葉県,"11億7,260万円（2022年度実績）","201,000円",121日,9日（2022年）,月平均残業時間:6時間:
2024071801,金子工業(株),建設,"建設																				、不動産、建設コンサルタント、住宅、設備工事",岐阜県,"売上高　53億6,251万円（2023年6月期）","200,000円～220,000円",120日,11.6日（2023年）,月平均残業時間:10時間:
2024071802,(株)ユリカコーポレーション,不動産,"不動産																				、不動産（管理）、商社（インテリア・住宅関連）、住宅（リフォーム）、インテリア・住宅関連",東京都,60億円（グループ全体：2024年7月実績）,"240,000円～260,000円",確認中,5日（2023年）,確認中確認中
2024071804,学校法人エール学園,学校法人,"学校法人																				、教育",大阪府,学校法人のためなし,"224,065円～239,430円",121日,13日（2022年）,女性管理職割合47.6％（2022年）
2024071805,(株)Jストリーム【東証グロース上場】,インターネット関連,"インターネット関連																				、情報処理、ニュース・データ通信、放送、広告",東京都,"26期(2022年度) 125億123万円 (連結) 25期(2021年度) 124億943万円 (連結) 24期(2020年度) 129億7,035万円 (連結)","216,913円～254,375円",123日,11日（2023年）,月平均残業時間:18時間:
2024071806,(株)ダブルクロップ,インターネット関連,"インターネット関連																				、情報処理、ソフトウエア、ゲームソフト、商社（ソフトウェア）",東京都,社内規定により非公開,"223,000円",125日,確認中,月平均残業時間:9時間:
2024071807,ル・グラシエルビルディング(株),不動産,"不動産																				、不動産（管理）、設備工事、建築設計、建設",東京都,26億円（2020年12月期） 35億円（2021年12月期） 40億円（2022年12月期） 49億円（2023年12月期）,"230,000円～235,000円",120日,16日（2023年）,月平均残業時間:0.5時間:
2024071808,スタンレー電気(株),半導体・電子・電気機器,"半導体・電子・電気機器																				、自動車・自動車部品、コンピュータ・通信機器、精密機器",東京都,"単体：1,559億5,500万円（2023年3月末実績） 連結：4,377億9,000万円（2023年3月末実績)","194,280円～236,130円",121日,11.8日（2022年）,月平均残業時間:18.3時間:
2024071809,(株)津南高原開発【ニュー・グリーンピア津南】,ホテル・旅館,"ホテル・旅館																				、レジャーサービス、旅行・観光、冠婚葬祭、イベント・興行",新潟県,"8億8,600万円（2023年3月実績）","170,000円～180,000円",107日,10.6日（2022年）,月平均残業時間:9.4時間:
2024071811,(株)Skyfall,広告,"広告																				、インターネット関連、ゲームソフト、シンクタンク・マーケティング・調査、専門コンサルティング",東京都,会社規定のため非公開,"250,000円",122日,7日（2023年）,確認中確認中
2024071812,トラムシステム(株),通信・インフラ,"通信・インフラ																				、インターネット関連、情報処理、ソフトウエア",愛知県,"FY2023　6億8,000万円","200,000円",120日,10日（2022年）,月平均残業時間:8.2時間:
2024071813,ジェイズ・テクノロジー(株),ソフトウエア,"ソフトウエア																				、情報処理",東京都,非公開,"220,000円～235,000円",124日,確認中,確認中確認中
2024071814,(株)丸山製作所【東証スタンダード上場】,機械,"機械																				、自動車・自動車部品、その他メーカー、商社（機械・プラント・環境）",東京都,375億500万円（2023年9月実績）,"204,400円～249,800円",125日,14.6日（2023年）,月平均残業時間:10.6時間:
2024071815,(株)ラソルテ,ソフトウエア,"ソフトウエア																				、情報処理、インターネット関連、広告制作・Web制作、コンサルティングファーム",東京都,2億7000万円,"250,000円～265,000円",127日,確認中,確認中確認中
2024071816,大阪ダイハツ販売(株),商社（自動車関連・輸送用機器）,"商社（自動車関連・輸送用機器）																				、専門店（自動車関連）、リース・レンタル、商社（機械・プラント・環境）、検査・整備・メンテナンス",大阪府,416億円（2022年実績）,"189,300円～204,400円",110日,8.8日（2022年）,月平均残業時間:8.1時間:
2024071817,(株)キッツメタルワークス,非鉄金属,非鉄金属,長野県,325億円(2022年12月期),"195,000円～235,000円",124日,11.7日（2023年）,月平均残業時間:8.4時間:
2024071818,札幌トヨペット(株),商社（自動車関連・輸送用機器）,"商社（自動車関連・輸送用機器）																				、専門店（自動車関連）、損害保険",北海道,354億円（2023年3月）,"179,000円～220,000円",115日,5日（2022年）,月平均残業時間:24.9時間:
2024071819,浅利観光(株)【松江アーバンホテル・松江ニューアーバンホテル・松江アーバンホテル　レークイン】,ホテル・旅館,"ホテル・旅館																				、旅行・観光、食品、外食・レストラン、商社（食品・農林・水産）",島根県,"19億6,000万円（2024年5月末）","185,000円～190,000円",101日,10日（2023年）,月平均残業時間:10時間:
2024071820,いわさきグループ,商社（複合）,"商社（複合）																				、商社（化学・石油・ガス・電気）、商社（食品・農林・水産）、ホテル・旅館、陸運（貨物・バス・タクシー）",鹿児島県,388億円（2023年3月期、グループ総計）,"185,000円～210,000円",105日,9.2日（2022年）,月平均残業時間:7.8時間:
2024071821,(株)ワークマン【ベイシアグループ】  【東証スタンダード市場上場】,アパレル（メーカー）,"アパレル（メーカー）																				、スポーツ・レジャー用品（メーカー）、専門店（アパレル・ファッション関連）、専門店（スポーツ・レジャー関連）",群馬県、東京都,"■1,698億円／2023年3月期","255,000円～265,500円",120日,9日（2022年）,月平均残業時間:11時間:
2024071822,(株)DAIEI,建設,"建設																				、建材・エクステリア、住宅、インテリア・住宅関連",愛知県,15億円（2024年3月）,"220,000円",10日（2021年）,確認中,月平均残業時間:10時間:
2024071825,東京ラヂエーター製造(株),自動車・自動車部品,"自動車・自動車部品																				、輸送用機器（船舶・航空・宇宙関連など）、金属製品",神奈川県,317億円(2023年3月期／連結),"230,000円～247,000円",122日,13.2日（2023年）,月平均残業時間:17.9時間:
2024071828,(株)共英,商社（機械・プラント・環境）,"商社（機械・プラント・環境）																				、リース・レンタル、福祉サービス、建設、通販・ネット販売",東京都,12億円　2020年9月,"270,000円～280,000円",125日,12日（2022年）,月平均残業時間:13時間:
2024071829,(株)神戸物産 【東証プライム市場上場】,食品,"食品																				、商社（食品・農林・水産）、スーパーマーケット、外食・レストラン",兵庫県,"単体／4,468億5,800万円（2023年10月期） 連結／4,615億4,600万円（2023年10月期）","200,000円～241,000円",118日,13.7日（2022年）,月平均残業時間:23.9時間:
2024071830,(株)NEW【ネクステージグループ】,商社（自動車関連・輸送用機器）,"商社（自動車関連・輸送用機器）																				、自動車・自動車部品、商社（機械・プラント・環境）、コンピュータ・通信機器、総合電機",大阪府,"4,634億円（2023年11月末／連結）","230,000円～286,000円",120日,確認中,確認中確認中
2024071831,(株)アズマシティ開発,不動産,"不動産																				、不動産（管理）",熊本県,４億1千万（2018年7月期）,"189,000円～201,000円",110日,10日（2022年）,月平均残業時間:20時間:
2024071832,パーク24グループ【パーク24(株)（東証プライム上場）／タイムズ24(株)／他5社】,不動産,"不動産																				、不動産（管理）、リース・レンタル、各種ビジネスサービス・BPO",東京都,"330,123百万円（前年度）※パーク２４グループ連結","246,000円～271,000円",125日,10.5日（2023年）,月平均残業時間:15.9時間:
2024071833,(株)トモエシステム,商社（機械・プラント・環境）,"商社（機械・プラント・環境）																				、半導体・電子・電気機器、自動車・自動車部品、機械、商社（複合）",兵庫県,165億円（2023年4月期）,"230,600円～235,600円",124日,11.3日（2022年）,月平均残業時間:10.4時間:
2024071834,(株)Aright,商社（複合）,"商社（複合）																				、商社（化学・石油・ガス・電気）、通信・インフラ、ガス・エネルギー、各種ビジネスサービス・BPO",東京都、大阪府,265億円（2022年度実績）,"250,000円",110日,確認中,確認中確認中
2024071835,社会福祉法人敬寿会,福祉サービス,福祉サービス,山形県,12日（2023年）,"157,000円～274,300円",114日,12日（2023年）,月平均残業時間:3.9時間:
2024071836,杉乃井ホテル＆リゾート(株),ホテル・旅館,"ホテル・旅館																				、レジャーサービス、外食・レストラン、冠婚葬祭",大分県,非公開,"185,000円～200,000円",10年（2022年）,30時間,確認中確認中
2024071840,(株)エーエルジェイ,ソフトウエア,"ソフトウエア																				、情報処理、受託開発、教育、インターネット関連",東京都,12億円,"242,000円",130日,14.2日（2023年）,月平均残業時間:10.1時間:
2024071841,山根土建(株),建設,"建設																				、建築設計、住宅、住宅（リフォーム）",北海道,"16億2,400万円（2023年度）","209,000円～233,000円",120日,9.3日（2022年）,月平均残業時間:11.5時間:
2024071842,NOK(株),自動車・自動車部品,"自動車・自動車部品																				、半導体・電子・電気機器、金属製品、タイヤ・ゴム製品",東京都,"（連結）7,505億円　※2024年3月期","216,000円～276,500円",121日,16.9日（2022年）,月平均残業時間:15.1時間:
2024071843,(株)三協デリカ,食品,"食品																				、給食・デリカ・フードビジネス",福岡県、熊本県,118億40百万円(2023年12月期),"210,000円～220,500円",122日,10日（2023年）,確認中確認中
2024071844,タカヤマ金属工業(株),金属製品,"金属製品																				、機械、商社（鉄鋼・金属）、鉄鋼、建設",埼玉県、大阪府,72億円（2023年3月期実績）,"204,700円～232,000円",120日,12.9日（2023年）,月平均残業時間:6.4時間:
2024071845,信光工業(株),機械,"機械																				、金属製品、食品、環境・リサイクル",長野県,"1,696,130千円","166,000円～192,200円",110日,6日（2021年）,月平均残業時間:1時間:
2024071846,ムロオグループ,物流・倉庫,"物流・倉庫																				、陸運（貨物・バス・タクシー）",広島県,10.5日（2022年）,"185,000円～246,000円",106日～112日,10.5日（2022年）,月平均残業時間:22.1時間:
2024071847,東亜電気工業(株),商社（複合）,"商社（複合）																				、商社（電子・電気機器・OA機器）、商社（精密・医療機器）、商社（自動車関連・輸送用機器）、半導体・電子・電気機器",東京都,"662億6,100万円（2023年2月実績）","264,000円",122日,15.1日（2023年）,月平均残業時間:4.0時間:
2024071848,大嘉産業(株),商社（複合）,"商社（複合）																				、建材・エクステリア、インテリア・住宅関連、建設コンサルタント、建築設計",東京都、大阪府,157億円（令和5年12月期）,"210,000円～213,000円",126日,11日（2023年）,月平均残業時間:10時間:
2024071849,システムメトリックス(株),ソフトウエア,"ソフトウエア																				、通信・インフラ、受託開発、インターネット関連",愛知県,"21億9,420万円（2023年８月決算）","240,000円～260,000円",121日,16.5日（2023年）,月平均残業時間:16時間:
2024071851,(株)アーク【Ark館ヶ森】,農林・水産,"農林・水産																				、食品、レジャーサービス、旅行・観光、商社（食品・農林・水産）",岩手県,65億円（2023年3月期）グループ連結,"190,000円～247,000円",105日,8日（2022年）,月平均残業時間:10時間:
2024071852,ホテルニューアワジグループ,ホテル・旅館,"ホテル・旅館																				、旅行・観光、外食・レストラン、レジャーサービス",兵庫県,グループ全体163億円（2022年12月度）,"200,200円～220,000円",確認中,確認中,確認中確認中
2024071853,ヒューマンライフケア(株),福祉サービス,"福祉サービス																				、教育、医療機関",東京都,8.6日（2022年）,"195,000円～215,000円",110日,8.6日（2022年）,月平均残業時間:8.9時間:
2024071854,(株)金宝堂,冠婚葬祭,"冠婚葬祭																				、専門店（その他小売）、通販・ネット販売、広告制作・Web制作、物流・倉庫",千葉県、東京都,350億円（2024年8月期見込) 200億円（2023年8月期実績) 130億円（2022年8月期実績),"213,500円～248,000円",10日（2023年）,確認中,女性管理職割合37.5％（2023年）
2024071855,FESホールディングスグループ,プラント・エンジニアリング,"プラント・エンジニアリング																				、機械設計、ソフトウエア、人材派遣・人材紹介、サービス（その他）",東京都,13億2700万円（2023年2月実績）,"200,000円～215,000円",122日,14.9日（2023年）,月平均残業時間:14.6時間:
2024071856,フェンリル(株),ソフトウエア,"ソフトウエア																				、インターネット関連、情報処理",東京都、大阪府,当社規定により非公開,"245,000円",125日,11.3日（2022年）,確認中確認中
2024071857,(株)プリンセススクゥエアー,不動産,"不動産																				、不動産（管理）、住宅、専門コンサルティング",東京都,119億7900万円（2023年11月期実績） 101億4200万円（2022年11月期実績） 71億1100万円（2021年11月期実績）,"195,400円～202,200円",104日～120日,11日（2023年）,月平均残業時間:18時間:
2024071859,(株)サンフィールド【システムステーショングループ】,フィットネスクラブ,"フィットネスクラブ																				、サービス（その他）、専門店（スポーツ・レジャー関連）、専門コンサルティング",神奈川県,66.9億円(2023年12月期実績),"216,400円～234,800円",120日,確認中,月平均残業時間:5時間:
2024071860,ベース(株)【東証プライム上場】,情報処理,"情報処理																				、専門コンサルティング、ソフトウエア、インターネット関連、その他金融",東京都,"132億9,300万円（2021年12末実績） 124億円（2020年12末実績） 97億1,400万円（2019年12末実績）","250,000円～266,000円",確認中,確認中,月平均残業時間:15.1時間:
2024071861,(株)GENEVIS,芸能・映画・音楽,"芸能・映画・音楽																				、広告制作・Web制作",東京都,非公開,"215,000円",確認中,7.8日（2023年）,確認中確認中
2024071862,メディカル・ケア・サービス東海(株),福祉サービス,"福祉サービス																				、医療機関、教育、不動産、エステティック・美容・理容",岐阜県,非公開,"181,000円～220,000円",114日,7.3日（2023年）,確認中確認中
2024071863,北星ゴム工業(株),タイヤ・ゴム製品,"タイヤ・ゴム製品																				、自動車・自動車部品、化学、建材・エクステリア、商社（建材）",富山県,64億円（2023年10月）,"180,000円～234,200円",115日,10.5日（2023年）,確認中確認中
2024071864,"黒田化学(株)【KURODA KAGAKU CO., LTD.】",自動車・自動車部品,"自動車・自動車部品																				、金属製品",富山県,連結:220億円（2023年1月）,"187,900円～234,770円",116日,10.2日（2022年）,月平均残業時間:18.2時間:
2024071865,(株)SIG【SIGグループ】,情報処理,"情報処理																				、ソフトウエア、インターネット関連、通信・インフラ、セキュリティ",東京都,69億900万円（2024年3月決算）,"186,900円～250,100円",123日,11.3日（2023年）,月平均残業時間:14.7時間:
2024071866,富士通クライアントコンピューティング(株),コンピュータ・通信機器,"コンピュータ・通信機器																				、半導体・電子・電気機器、家電・ＡＶ機器、精密機器",神奈川県,非公開,"214,000円～274,000円",127日,14日（2022年）,月平均残業時間:29.5時間:
2024071867,DOTOWN(株),不動産,"不動産																				、商社（インテリア・住宅関連）、ホテル・旅館、外食・レストラン、専門コンサルティング",東京都,50億円（2024年3月見込み）,"230,000円",10.4日（2023年）,確認中,月平均残業時間:15時間:
2024071868,高圧ガス工業(株)【東証プライム市場上場】,ガス・エネルギー,"ガス・エネルギー																				、化学、半導体・電子・電気機器",大阪府,"538億1,200万円（2023年3月）","196,600円～241,000円",125日,9日（2022年）,月平均残業時間:10.3時間:
2024071869,(株)エムピーキッチン,食品,"食品																				、広告、外食・レストラン、通販・ネット販売、商社（食品・農林・水産）",東京都,23年： 22年：56億円 21年：45億円 20年：50億円,"251,000円～280,000円",確認中,7.5日（2023年）,確認中確認中
2024071870,トーシングループ【(株)トーシンホールディングス（東証スタンダード市場上場）・ (株)トーシンモバイル・トーシンリゾート(株)・(株)伊良湖シーサイドゴルフ倶楽部】,商社（通信）,"商社（通信）																				、レジャーサービス、専門店（家電・OA機器）、専門店（スポーツ・レジャー関連）、不動産（管理）",愛知県,連結　169億円（2023年4月期）,"180,000円～250,000円",確認中,5.0日（2023年）,確認中確認中
2024071871,(株)あぶらや燈千,ホテル・旅館,"ホテル・旅館																				、外食・レストラン",長野県,"４億６,９２６万円（2023年5月）","240,000円",105日,5日（2022年）,女性管理職割合50.0％（2022年）
2024071872,アーバンホテルシステム(株),ホテル・旅館,"ホテル・旅館																				、外食・レストラン",京都府,30億円(2022年度),"208,585円～225,310円",108日,確認中,確認中確認中
2024071873,(株)不動産のデパートひろた,不動産,"不動産																				、不動産（管理）",福岡県,"25億6,900万円（2023年9月決算）","206,500円～267,000円",114日,12.8日（2023年）,月平均残業時間:12.6時間:
2024071874,カトープレジャーグループ,ホテル・旅館,"ホテル・旅館																				、外食・レストラン、レジャーサービス",東京都、大阪府,328億円（2023年度）,"181,300円～245,000円",107日,9日（2022年）,確認中確認中
2024071875,グローブシップ(株),ビル施設管理・メンテナンス,"ビル施設管理・メンテナンス																				、設備工事、不動産（管理）、セキュリティ",東京都,"単体：　約410億円(2024年3月決算） グループ全体：　約1,000億円（2024年3月決算）","200,000円～220,000円",確認中,14日（2024年）,月平均残業時間:15時間:
2024071876,東芝ライフスタイルグループ,家電・ＡＶ機器,"家電・ＡＶ機器																				、機械、商社（電子・電気機器・OA機器）、設備工事、検査・整備・メンテナンス",東京都、神奈川県,非公開,"187,000円～269,500円",126日,15.4日（2022年）,月平均残業時間:19時間:
2024071877,SATO社会保険労務士法人（SATO GROUP）,専門コンサルティング,専門コンサルティング,北海道、東京都,"46億1,500万円（2023年3月実績）","175,000円～221,020円",120日,7日（2023年）,月平均残業時間:20.4時間:
2024071879,(株)フェニックス,商社（自動車関連・輸送用機器）,"商社（自動車関連・輸送用機器）																				、専門店（自動車関連）、生命保険、損害保険、自動車・自動車部品",神奈川県,"132億0,000万円（2023年6月）","220,000円～250,000円",111日,10日（2023年）,月平均残業時間:15.5時間:
2024071880,児湯食鳥グループ【(株)児湯食鳥・(株)九州児湯フーズ・(株)西日本児湯フーズ・トリキ(株)】,食品,"食品																				、商社（食品・農林・水産）、農林・水産",福岡県、宮崎県,"児湯食鳥単体656億円／グループ合計1,639億円（令和6年3月期）","225,000円",105日,確認中,確認中確認中
2024071881,(株)松井製作所,機械,"機械																				、機械設計、商社（機械・プラント・環境）、その他メーカー、精密機器",東京都、大阪府,230億円（2021年度：連結）,"201,000円～240,000円",117日,確認中,月平均残業時間:25.7時間:
2024071883,(株)シティホームズ,不動産,"不動産																				、住宅、住宅（リフォーム）、不動産（管理）、専門コンサルティング",東京都,217億円,"280,000円",120日,7日（2023年）,確認中確認中
2024071884,(株)ティーヴィボックス,放送,"放送																				、広告、広告制作・Web制作、芸能・映画・音楽",東京都,規定により未公開,"238,000円",確認中,確認中,確認中確認中
2024071885,(株)レーベンホームビルド,住宅,"住宅																				、建設、不動産、不動産（管理）、空間デザイン・ディスプレイ",東京都,女性100.0％,"200,000円",120日,確認中,月平均残業時間:30時間:
2024071886,(株)伝創社,広告,"広告																				、広告制作・Web制作、シンクタンク・マーケティング・調査、専門コンサルティング、イベント・興行",東京都,社内規定で非公開,"231,000円",120日,11.6日（2023年）,月平均残業時間:17時間:
2024071889,須藤建設(株),住宅,"住宅																				、建設",北海道,2023年5月31日　48億円,"177,788円～220,040円",105日,7.4日（2023年）,女性管理職割合17.2％（2023年）
2024071890,(株)フクール,情報処理,"情報処理																				、商社（文具・事務用品・日用品）、ソフトウエア",富山県,"1億8,400万円（2022年7月決算）","212,403円～225,353円",115日,10日（2022年）,確認中確認中
2024071891,キヤノンアネルバ(株)【キヤノングループ】,機械,"機械																				、半導体・電子・電気機器、精密機器",神奈川県,345億円（2023年12月期）,"193,000円～300,000円",125日,13.1日（2022年）,月平均残業時間:16.2時間:
2024071893,(株)太洋自動車学校,教育,"教育																				、サービス（その他）、自動車・自動車部品、財団・社団・その他団体",愛知県,非公開,"180,000円",125日,10日（2022年）,月平均残業時間:24時間:
2024071894,(株)柄谷工務店【KARATANIグループ】,建設,"建設																				、住宅、住宅（リフォーム）、建築設計",兵庫県,184億円(2019年実績),"211,000円～262,000円",105日～122日,確認中,確認中確認中
2024071895,(株)英光,金属製品,"金属製品																				、機械、機械設計、精密機器、食品",埼玉県,6億6千万(2023年度),"178,000円～201,000円",108日,13日（2023年）,確認中確認中
2024071896,一般社団法人　福祉心話会,福祉サービス,"福祉サービス																				、食品、給食・デリカ・フードビジネス、芸術関連、化粧品",東京都、兵庫県,12億　(2023年3月実績),"180,000円～218,300円",110日,15日（2021年）,確認中確認中
2024071897,(株)シアンス,情報処理,"情報処理																				、ソフトウエア",新潟県,"4億3,770万円（2023年3月期）","165,000円～192,000円",111日,13.5日（2022年）,月平均残業時間:11.0時間:
2024071898,(株)リスキル,教育,"教育																				、専門コンサルティング、コンサルティングファーム、各種ビジネスサービス・BPO",東京都,非公開,"240,000円",120日,8.8日（2022年）,確認中確認中
2024071899,(株)図研【東証プライム上場】,ソフトウエア,"ソフトウエア																				、半導体・電子・電気機器、自動車・自動車部品",神奈川県,"350億7,300万円（2023年3月期実績/連結）","240,570円～345,900円",126日,11.8日（2023年）,月平均残業時間:19.6時間:
2024071900,ベングループ【(株)NCK(アパマンショップ)、日本地建(株)、(株)札幌カンリセンター、(株)ベン、(株)セグロス、 (株)江上 】,不動産,"不動産																				、不動産（管理）、住宅、ホテル・旅館、商社（化学・石油・ガス・電気）",北海道,39億円（グループ合計）,"204,000円～230,020円",110日,確認中,確認中確認中
